{"cameraMode":{"drawMode":0,"name":"Shaded","section":"Shading Mode"},"sceneLighting":true,"audioPlay":false,"sceneViewState":{"m_AlwaysRefresh":false,"showFog":true,"showSkybox":true,"showFlares":true,"showImageEffects":true,"showParticleSystems":true,"showVisualEffectGraphs":true,"m_FxEnabled":true},"in2DMode":false,"pivot":{"x":0.648033082485199,"y":1.3171707391738892,"z":-0.7338123321533203},"rotation":{"x":-0.13183699548244477,"y":0.036270949989557269,"z":-0.004827248863875866,"w":-0.9906060695648193},"size":2.1001992225646974,"orthographic":false}